21,岐阜県,137.1666667,36
136.666244,35.78487
136.667499,35.787305
136.668202,35.788177
136.669302,35.789056
136.672006,35.79082
136.677073,35.793178
136.677459,35.792353
136.679522,35.790868
136.681479,35.789818
136.682118,35.789674
136.682783,35.789559
136.689885,35.789295
136.694271,35.791047
136.696342,35.792993
136.696977,35.793936
136.699798,35.794174
136.700517,35.794017
136.701414,35.793527
136.702338,35.792661
136.702987,35.792199
136.70467,35.791883
136.708509,35.791574
136.710047,35.792044
136.717167,35.796772
136.718968,35.798346
136.720583,35.800219
136.722945,35.804644
136.722772,35.80602
136.722376,35.806591
136.722507,35.807682
136.723162,35.808133
136.724517,35.808148
136.730631,35.806953
136.732383,35.806577
136.735413,35.805101
136.737651,35.803445
136.740823,35.801118
136.741861,35.801436
136.743436,35.802292
136.746612,35.804732
136.754568,35.809288
136.755225,35.80953
136.76077,35.810459
136.761557,35.810565
136.763717,35.810608
136.764419,35.810401
136.771577,35.806796
136.774095,35.800114
136.776101,35.79881
136.783121,35.79826
136.787541,35.798579
136.789429,35.799341
136.789861,35.802062
136.790908,35.803984
136.791474,35.804801
136.792405,35.805948
136.793448,35.806935
136.795813,35.808773
136.797936,35.818383
136.798288,35.821461
136.797576,35.826901
136.799916,35.837203
136.801943,35.843596
136.807254,35.84324
136.812241,35.842592
136.815664,35.842579
136.821069,35.84398
136.825115,35.845407
136.826211,35.846115
136.829517,35.849928
136.8311,35.851874
136.832362,35.857444
136.832308,35.859468
136.832152,35.860231
136.830077,35.865842
136.825179,35.874819
136.823258,35.877072
136.821964,35.878415
136.820617,35.882544
136.822212,35.884719
136.822524,35.88548
136.822877,35.886406
136.823724,35.892681
136.820343,35.899285
136.819054,35.901072
136.813764,35.910826
136.811666,35.912578
136.808143,35.912927
136.805496,35.913849
136.803567,35.915219
136.802015,35.916709
136.800714,35.918024
136.799186,35.920522
136.798358,35.920787
136.79378,35.921671
136.7932,35.921159
136.792496,35.920792
136.791813,35.920763
136.790988,35.920803
136.789823,35.921024
136.788613,35.921329
136.787561,35.921735
136.786502,35.922298
136.785591,35.923041
136.784781,35.924019
136.783806,35.926158
136.783614,35.927049
136.783862,35.927776
136.786855,35.933647
136.789866,35.937534
136.790508,35.938055
136.791286,35.938454
136.792244,35.939073
136.793413,35.941029
136.793578,35.942693
136.793374,35.945743
136.788922,35.948716
136.780708,35.950509
136.776782,35.951178
136.775875,35.950892
136.773242,35.950341
136.77235,35.950252
136.770123,35.950514
136.769228,35.951287
136.767184,35.952569
136.766583,35.952837
136.760524,35.954625
136.755155,35.955784
136.753512,35.956202
136.752741,35.956562
136.752156,35.957053
136.751229,35.957888
136.750412,35.958748
136.749987,35.959291
136.748844,35.963602
136.749115,35.96432
136.750688,35.967159
136.751649,35.967523
136.752827,35.971816
136.753322,35.978026
136.752249,35.988606
136.750523,35.990561
136.749691,35.990901
136.744832,35.991469
136.740693,35.992285
136.72909,35.994846
136.727548,35.995421
136.726898,35.995796
136.727305,35.996345
136.728363,35.997574
136.729129,36.000184
136.729378,36.001741
136.729304,36.003127
136.729011,36.005808
136.730965,36.01193
136.731388,36.0185
136.733194,36.027483
136.733539,36.028186
136.734142,36.029053
136.734862,36.029993
136.735289,36.03071
136.735657,36.032094
136.735858,36.043627
136.735413,36.047287
136.734523,36.048316
136.733889,36.049393
136.735844,36.051364
136.737694,36.052722
136.744548,36.060032
136.748433,36.061656
136.759131,36.067074
136.760067,36.067191
136.761231,36.067217
136.762218,36.067307
136.763383,36.067539
136.764207,36.067669
136.764743,36.068827
136.764972,36.069751
136.763983,36.074398
136.763346,36.075174
136.760793,36.077716
136.757313,36.081549
136.756067,36.083543
136.754354,36.086367
136.754778,36.086869
136.754135,36.089145
136.753979,36.090017
136.755733,36.097484
136.756264,36.099222
136.760503,36.103006
136.761515,36.103794
136.763073,36.104909
136.763612,36.105339
136.765425,36.107165
136.76717,36.110037
136.768377,36.111719
136.768929,36.112617
136.770341,36.11529
136.770508,36.116093
136.770194,36.11673
136.769683,36.117542
136.770702,36.123325
136.771097,36.124027
136.772356,36.125591
136.77299,36.126163
136.775482,36.127967
136.777506,36.129317
136.779976,36.134292
136.779914,36.139169
136.779297,36.142294
136.778255,36.142527
136.775972,36.143763
136.775671,36.144889
136.77565,36.147188
136.776361,36.148836
136.771839,36.155272
136.768446,36.158859
136.766058,36.160694
136.766446,36.162556
136.768132,36.164043
136.769568,36.163979
136.770235,36.163647
136.773372,36.164147
136.774063,36.164307
136.775058,36.164729
136.775948,36.165289
136.776531,36.165831
136.77716,36.16633
136.777867,36.1665
136.779251,36.166598
136.781244,36.166701
136.782894,36.1667
136.784108,36.166244
136.785023,36.166072
136.786079,36.166119
136.797189,36.171699
136.798491,36.172743
136.799399,36.175055
136.800127,36.176979
136.800245,36.177661
136.800298,36.178798
136.79996,36.179698
136.799675,36.18029
136.799457,36.181149
136.800391,36.18408
136.800957,36.184701
136.801668,36.18528
136.801973,36.185863
136.801994,36.186909
136.802569,36.187649
136.804059,36.188523
136.806474,36.190695
136.809164,36.193173
136.810172,36.195063
136.810724,36.196219
136.81124,36.196635
136.81578,36.199751
136.820011,36.20534
136.819569,36.206416
136.820186,36.208569
136.821218,36.210723
136.822709,36.212062
136.827208,36.215357
136.82942,36.216288
136.830522,36.216751
136.831593,36.217557
136.832256,36.22007
136.832419,36.222504
136.83593,36.226606
136.840068,36.232033
136.843836,36.237102
136.846231,36.241219
136.846834,36.242791
136.846779,36.243619
136.847512,36.2459
136.849644,36.2469
136.850503,36.247007
136.851593,36.246939
136.851766,36.247898
136.85085,36.251526
136.850136,36.251972
136.849189,36.252152
136.847893,36.252439
136.845415,36.253334
136.844596,36.2544
136.844072,36.257122
136.844073,36.257772
136.844438,36.258523
136.844042,36.25942
136.839926,36.260956
136.839293,36.260876
136.838422,36.260673
136.835958,36.261925
136.834394,36.263774
136.83354,36.265034
136.829231,36.265961
136.823079,36.266319
136.820645,36.265642
136.81769,36.265689
136.816827,36.265824
136.814635,36.266605
136.814937,36.267518
136.815034,36.268368
136.814938,36.269067
136.814183,36.270524
136.811219,36.273145
136.808335,36.274725
136.806098,36.275753
136.805415,36.277874
136.805699,36.280691
136.806023,36.281622
136.806112,36.283644
136.80594,36.284376
136.801015,36.290198
136.800416,36.290526
136.799784,36.290839
136.795378,36.293731
136.792227,36.29882
136.793401,36.300654
136.793837,36.301215
136.795118,36.302379
136.795628,36.30276
136.798574,36.304479
136.799263,36.304733
136.800023,36.30498
136.80455,36.306175
136.805341,36.30593
136.808602,36.304123
136.813755,36.303369
136.823339,36.30331
136.826759,36.303564
136.830531,36.306159
136.830433,36.308042
136.830716,36.30968
136.831128,36.310748
136.832554,36.314331
136.833265,36.315676
136.834571,36.317201
136.836393,36.31992
136.839362,36.326055
136.842333,36.332317
136.842493,36.333049
136.84094,36.336742
136.840279,36.337328
136.839551,36.337973
136.837231,36.343452
136.837141,36.347182
136.842233,36.350687
136.844112,36.351107
136.847213,36.350634
136.848191,36.349264
136.849972,36.348218
136.85191,36.347445
136.854595,36.347456
136.855177,36.347837
136.858623,36.349241
136.863421,36.349392
136.864893,36.34963
136.866022,36.351105
136.868176,36.365587
136.869589,36.366766
136.870362,36.367201
136.871263,36.367518
136.872499,36.367171
136.873077,36.366849
136.876261,36.360372
136.876347,36.359654
136.876336,36.358997
136.876309,36.358105
136.876016,36.355765
136.873358,36.353264
136.872691,36.353108
136.872022,36.353216
136.871355,36.353318
136.870524,36.353224
136.869998,36.352623
136.869626,36.351837
136.869575,36.350717
136.869808,36.349492
136.870331,36.348947
136.871262,36.349258
136.872218,36.349613
136.875195,36.35017
136.875821,36.349902
136.876387,36.348077
136.87661,36.347007
136.87814,36.344742
136.880435,36.342914
136.880961,36.342409
136.882027,36.341978
136.882959,36.342131
136.890581,36.346474
136.893699,36.348492
136.894393,36.349042
136.896911,36.351446
136.906334,36.360295
136.907688,36.360696
136.908476,36.359899
136.909888,36.359051
136.910872,36.358549
136.912235,36.35795
136.919165,36.355486
136.920169,36.35531
136.921489,36.355187
136.922992,36.354906
136.92386,36.354586
136.924961,36.354117
136.928862,36.351572
136.931028,36.349788
136.931874,36.349017
136.932568,36.348379
136.933202,36.34825
136.935523,36.348203
136.936466,36.348463
136.93707,36.348764
136.938647,36.349295
136.939446,36.34927
136.946899,36.345688
136.948138,36.343268
136.950777,36.33957
136.951728,36.339217
136.952442,36.339407
136.953149,36.339448
136.954929,36.339243
136.956848,36.336147
136.961274,36.327195
136.96071,36.326466
136.960364,36.325708
136.960573,36.324675
136.961406,36.322948
136.963612,36.320175
136.96598,36.318233
136.967569,36.31771
136.968144,36.317403
136.970599,36.315955
136.971131,36.31547
136.97154,36.314459
136.972883,36.310215
136.972539,36.309275
136.971448,36.308359
136.970864,36.307819
136.968861,36.305099
136.967369,36.298786
136.96781,36.297864
136.968028,36.296981
136.967844,36.296249
136.965492,36.292182
136.963792,36.290613
136.962711,36.290179
136.960384,36.287556
136.95757,36.279978
136.958007,36.277798
136.96023,36.277004
136.968455,36.275435
136.975187,36.274308
136.977111,36.275864
136.983157,36.2811
136.986351,36.286296
136.990463,36.287181
136.99448,36.287737
136.996323,36.287551
136.996672,36.286672
136.997206,36.286059
137.002616,36.286911
137.004762,36.287726
137.005812,36.288292
137.007616,36.289464
137.011519,36.294111
137.010897,36.294891
137.010775,36.295827
137.010807,36.298029
137.014603,36.304286
137.015954,36.304803
137.01792,36.3061
137.020304,36.307683
137.021224,36.309103
137.020897,36.309908
137.02008,36.310678
137.019423,36.310517
137.018315,36.311247
137.018206,36.315487
137.019696,36.31821
137.021268,36.318521
137.022029,36.318412
137.022626,36.318173
137.023791,36.317579
137.033602,36.317806
137.035679,36.317618
137.03664,36.317465
137.037501,36.31745
137.040952,36.319751
137.044044,36.322317
137.04513,36.324022
137.045713,36.324782
137.04781,36.326375
137.049088,36.326818
137.050222,36.327236
137.051567,36.328234
137.052,36.328989
137.052313,36.329664
137.052186,36.3335
137.053553,36.338695
137.055713,36.339799
137.056567,36.340355
137.057567,36.341199
137.058652,36.342345
137.056699,36.343352
137.050841,36.344599
137.049349,36.344691
137.048929,36.3454
137.051504,36.350297
137.056558,36.355862
137.062069,36.366038
137.061516,36.367168
137.06038,36.367351
137.05931,36.367425
137.058474,36.368092
137.058099,36.371281
137.058521,36.372226
137.059283,36.373303
137.060969,36.374383
137.061808,36.374631
137.063446,36.374937
137.064575,36.375067
137.065692,36.375196
137.066351,36.375463
137.070152,36.377739
137.070997,36.37908
137.071331,36.380003
137.076427,36.383574
137.078882,36.384319
137.084253,36.383876
137.085676,36.383604
137.086651,36.382912
137.087787,36.382757
137.088434,36.382732
137.089281,36.3827
137.089964,36.382736
137.094879,36.383967
137.095338,36.384822
137.095624,36.389005
137.095165,36.391222
137.094615,36.393089
137.093977,36.39365
137.093274,36.39415
137.092719,36.394528
137.092242,36.395079
137.091939,36.395902
137.092009,36.39658
137.095602,36.399289
137.098312,36.399521
137.09948,36.399501
137.102555,36.400947
137.106406,36.405681
137.108512,36.409256
137.10896,36.4108
137.109782,36.413454
137.111398,36.415272
137.117056,36.418253
137.120453,36.416686
137.122123,36.417264
137.127592,36.423901
137.129203,36.427171
137.131153,36.431258
137.132085,36.432751
137.133788,36.434773
137.135943,36.436918
137.136846,36.437702
137.137563,36.437919
137.141275,36.438395
137.142258,36.443034
137.142713,36.443859
137.144299,36.445232
137.145374,36.44601
137.151533,36.447771
137.153058,36.448106
137.154943,36.449193
137.155465,36.45019
137.156457,36.452342
137.159905,36.456476
137.16079,36.456617
137.1688,36.455439
137.171241,36.454727
137.173562,36.452662
137.175933,36.451033
137.185861,36.45322
137.189171,36.454237
137.190085,36.454564
137.191727,36.455029
137.194161,36.453277
137.19378,36.449509
137.19312,36.448696
137.193173,36.447962
137.194739,36.446645
137.198979,36.443375
137.204433,36.437367
137.204823,36.436797
137.205071,36.434821
137.204857,36.433189
137.204837,36.431472
137.20527,36.428524
137.205532,36.427725
137.206351,36.427728
137.207037,36.428094
137.213277,36.433252
137.213089,36.434927
137.213056,36.435707
137.213235,36.438024
137.213674,36.438619
137.214422,36.439044
137.215089,36.439227
137.216126,36.439112
137.217105,36.438501
137.218063,36.438583
137.218779,36.438894
137.219822,36.43958
137.220622,36.440492
137.221248,36.441428
137.221518,36.442056
137.22168,36.44271
137.222094,36.44353
137.223765,36.444004
137.224617,36.444142
137.225506,36.444223
137.226975,36.444303
137.227891,36.444338
137.228783,36.444287
137.229714,36.444254
137.231017,36.444255
137.231925,36.444443
137.234334,36.446684
137.239692,36.4521
137.240097,36.452787
137.240279,36.453843
137.240639,36.454961
137.242162,36.457276
137.242933,36.458179
137.245553,36.460724
137.246491,36.461381
137.247158,36.461749
137.247929,36.461944
137.252312,36.457194
137.254237,36.454939
137.255421,36.4527
137.256233,36.451176
137.261727,36.45453
137.262819,36.45545
137.263269,36.456153
137.263484,36.457582
137.263816,36.458321
137.267449,36.460275
137.269828,36.461354
137.277484,36.464708
137.278753,36.465031
137.281991,36.46456
137.282795,36.463772
137.283986,36.462481
137.285076,36.461834
137.289377,36.460162
137.290011,36.460001
137.298635,36.458259
137.299431,36.458666
137.299847,36.459762
137.300944,36.461451
137.306439,36.463818
137.308587,36.463745
137.314189,36.461081
137.316987,36.459245
137.316818,36.454531
137.315396,36.450321
137.31334,36.449013
137.312532,36.445429
137.312919,36.443673
137.312296,36.441483
137.308785,36.43998
137.305092,36.436004
137.306356,36.432714
137.309722,36.428174
137.310131,36.427684
137.310703,36.427182
137.312893,36.425342
137.313611,36.425001
137.317847,36.424498
137.318742,36.424447
137.31961,36.424491
137.322784,36.426549
137.331336,36.430573
137.334868,36.430927
137.33806,36.43368
137.338691,36.43383
137.341595,36.43329
137.344273,36.433015
137.351703,36.433619
137.357996,36.43631
137.358699,36.437071
137.35919,36.438061
137.359381,36.439831
137.35927,36.440576
137.359014,36.441407
137.358184,36.442298
137.357809,36.442977
137.358228,36.444536
137.361453,36.448988
137.36289,36.450152
137.369245,36.452924
137.370539,36.453315
137.373271,36.453616
137.375379,36.453124
137.385542,36.455848
137.389793,36.459496
137.392427,36.458194
137.394781,36.455759
137.396194,36.450401
137.395106,36.445779
137.395,36.441218
137.39505,36.439938
137.395453,36.437184
137.395772,36.436036
137.397188,36.434401
137.398451,36.433399
137.400054,36.43247
137.403485,36.42869
137.403663,36.427801
137.4039,36.427102
137.40468,36.426703
137.409904,36.42466
137.410806,36.424718
137.411842,36.424951
137.413428,36.425308
137.415779,36.425591
137.417045,36.42563
137.419172,36.424487
137.427069,36.421002
137.432374,36.421358
137.435375,36.420599
137.436082,36.420338
137.43671,36.41944
137.438069,36.41766
137.439942,36.415882
137.442075,36.414295
137.444798,36.413661
137.446786,36.41475
137.447402,36.41546
137.448191,36.416095
137.449309,36.416812
137.452419,36.416109
137.45295,36.415642
137.453446,36.415147
137.454337,36.414535
137.45524,36.414042
137.456305,36.413467
137.457661,36.412836
137.458686,36.412536
137.460766,36.412232
137.468306,36.416876
137.468834,36.417337
137.471602,36.421425
137.474266,36.425391
137.477079,36.424992
137.479531,36.424353
137.482717,36.423717
137.488975,36.423547
137.491258,36.423552
137.492242,36.423906
137.495446,36.42538
137.496161,36.425709
137.496954,36.426094
137.497681,36.426164
137.504235,36.425711
137.509481,36.424532
137.510663,36.424219
137.511605,36.423572
137.512297,36.421894
137.51235,36.420557
137.512121,36.419759
137.51235,36.417836
137.512687,36.416628
137.515122,36.412384
137.516104,36.411022
137.51789,36.408743
137.519538,36.406739
137.52048,36.405962
137.524881,36.404682
137.529769,36.403329
137.531196,36.402448
137.536718,36.396884
137.538819,36.394687
137.539847,36.392691
137.540383,36.39222
137.544024,36.390631
137.546022,36.389935
137.549412,36.389353
137.553429,36.38866
137.559589,36.387457
137.562903,36.387977
137.569773,36.389246
137.573393,36.39246
137.575598,36.39283
137.576874,36.392985
137.577519,36.392974
137.587087,36.38963
137.586661,36.388024
137.586104,36.376448
137.586384,36.37553
137.587524,36.373093
137.588599,36.37133
137.59396,36.368794
137.594689,36.368829
137.595432,36.369132
137.59626,36.36989
137.597062,36.370361
137.598596,36.370327
137.599375,36.370263
137.600017,36.370199
137.602198,36.369634
137.603434,36.369114
137.610679,36.366732
137.611676,36.366836
137.613251,36.366771
137.616289,36.365879
137.617365,36.365444
137.617994,36.365127
137.618651,36.364681
137.61917,36.36421
137.621943,36.360247
137.623982,36.355701
137.624601,36.354553
137.625596,36.353364
137.629121,36.349357
137.631584,36.346601
137.635589,36.342487
137.637082,36.342179
137.640338,36.341947
137.642385,36.341812
137.64381,36.34168
137.645543,36.341558
137.645702,36.340551
137.645831,36.338468
137.645899,36.336438
137.645988,36.334362
137.646627,36.330058
137.64746,36.32984
137.650671,36.327399
137.651936,36.323123
137.651436,36.317087
137.650389,36.31622
137.649787,36.315611
137.649199,36.312397
137.649007,36.308798
137.651057,36.306177
137.651231,36.301816
137.650427,36.301327
137.648732,36.300128
137.647556,36.29739
137.64791,36.294565
137.648186,36.291917
137.648128,36.290698
137.647766,36.289005
137.647025,36.288593
137.645948,36.288214
137.637552,36.284008
137.629518,36.278938
137.628922,36.278498
137.627108,36.275815
137.626827,36.274577
137.626576,36.273179
137.626221,36.271958
137.625463,36.271164
137.621032,36.267495
137.619496,36.266309
137.618025,36.265548
137.615663,36.265077
137.614912,36.264876
137.613732,36.260916
137.612688,36.257559
137.610319,36.255335
137.607105,36.251964
137.605858,36.24876
137.603782,36.247868
137.603144,36.247638
137.597951,36.244179
137.596347,36.242977
137.595688,36.241805
137.595326,36.240016
137.589651,36.229616
137.58372,36.227221
137.583164,36.226831
137.583555,36.225267
137.583997,36.223747
137.584092,36.222524
137.583645,36.221202
137.583062,36.220485
137.581795,36.219931
137.577894,36.219095
137.574901,36.216962
137.573533,36.210271
137.5748,36.205059
137.577022,36.202465
137.577829,36.201768
137.578188,36.200705
137.578641,36.198997
137.578594,36.197631
137.580847,36.195451
137.585006,36.193429
137.587101,36.192628
137.58978,36.19173
137.592055,36.191813
137.594444,36.191967
137.595099,36.190477
137.594759,36.189419
137.593928,36.188267
137.593295,36.187715
137.592308,36.187283
137.590994,36.185909
137.591025,36.184289
137.591687,36.179413
137.592948,36.176701
137.59351,36.176147
137.595076,36.172286
137.591057,36.163981
137.588447,36.162617
137.586259,36.161599
137.583247,36.160222
137.582553,36.160086
137.581327,36.159902
137.580466,36.159902
137.579537,36.159872
137.577741,36.159525
137.570326,36.15548
137.568144,36.153868
137.568016,36.152634
137.56815,36.15172
137.568169,36.150742
137.567996,36.147774
137.567511,36.147244
137.566324,36.146402
137.565498,36.145918
137.559059,36.143012
137.554806,36.140189
137.55443,36.136996
137.555203,36.135851
137.557698,36.132159
137.55885,36.131044
137.559634,36.130678
137.560493,36.130361
137.557451,36.119012
137.557176,36.118252
137.55669,36.117741
137.555975,36.117435
137.554991,36.117232
137.553927,36.117173
137.552137,36.116709
137.551434,36.115691
137.550256,36.112976
137.55028,36.112017
137.550723,36.110238
137.55566,36.104931
137.563099,36.098329
137.565071,36.097313
137.565822,36.097151
137.566505,36.097113
137.567631,36.096913
137.570797,36.092084
137.572214,36.089016
137.572592,36.088287
137.573359,36.087725
137.574209,36.087336
137.579481,36.085473
137.586418,36.08341
137.59238,36.080961
137.595616,36.076597
137.596956,36.075811
137.597618,36.075714
137.602889,36.076229
137.604585,36.076518
137.606205,36.077053
137.608149,36.077861
137.609549,36.078063
137.611801,36.077899
137.612787,36.077308
137.613412,36.07682
137.613846,36.076063
137.612378,36.073746
137.611514,36.073131
137.611157,36.070741
137.610949,36.067363
137.612834,36.064604
137.613851,36.06378
137.614598,36.06313
137.614742,36.062012
137.61363,36.059541
137.609686,36.057096
137.609111,36.056778
137.60794,36.056269
137.606917,36.055765
137.605714,36.052373
137.605546,36.049283
137.601289,36.046776
137.600746,36.046201
137.598111,36.042871
137.5978,36.041868
137.598238,36.037226
137.598543,36.034999
137.598668,36.034367
137.599253,36.033027
137.600196,36.029327
137.600222,36.028572
137.599302,36.026192
137.598349,36.022617
137.594678,36.012817
137.591272,36.007844
137.590371,36.006601
137.58879,36.005971
137.587044,36.00521
137.586036,36.004661
137.580795,36.001348
137.57991,36.000585
137.573284,35.995772
137.571785,35.99579
137.569287,35.995735
137.564075,35.991778
137.562943,35.990639
137.562231,35.990085
137.561257,35.98965
137.560037,35.989296
137.554732,35.98799
137.55041,35.987011
137.544786,35.984104
137.543389,35.982657
137.543011,35.980334
137.54366,35.979655
137.54451,35.978732
137.544988,35.978042
137.545003,35.977296
137.544295,35.972963
137.540836,35.966592
137.537498,35.965034
137.532718,35.961812
137.532297,35.960694
137.532213,35.95999
137.531843,35.958857
137.530998,35.957144
137.529281,35.954337
137.527137,35.951272
137.525471,35.947769
137.524235,35.944652
137.521834,35.941581
137.518991,35.940116
137.514716,35.940774
137.513796,35.940928
137.510722,35.941121
137.505571,35.940621
137.504897,35.940549
137.504263,35.940356
137.503555,35.939888
137.501858,35.937578
137.501415,35.936701
137.499737,35.933153
137.498543,35.9306
137.498135,35.929543
137.497735,35.928807
137.497214,35.928325
137.495533,35.927101
137.494408,35.926454
137.491215,35.922653
137.489043,35.919545
137.486778,35.917371
137.483879,35.915395
137.48342,35.913571
137.484459,35.90878
137.481876,35.900834
137.481091,35.898651
137.479256,35.896424
137.476317,35.894051
137.476859,35.893439
137.475397,35.893474
137.473861,35.893332
137.470202,35.892877
137.46179,35.889395
137.46115,35.889306
137.458488,35.889355
137.450229,35.892278
137.449221,35.892673
137.448588,35.892934
137.447365,35.893695
137.446471,35.894758
137.44577,35.895709
137.444566,35.897132
137.443969,35.897637
137.443336,35.898147
137.442172,35.898996
137.441422,35.899441
137.440621,35.899699
137.439875,35.899824
137.439007,35.900041
137.438491,35.900741
137.438048,35.901591
137.437657,35.903047
137.437641,35.903755
137.437613,35.905051
137.43509,35.905426
137.434336,35.905419
137.433394,35.90533
137.427222,35.903998
137.424353,35.90319
137.423609,35.903408
137.422382,35.904105
137.421563,35.904294
137.419702,35.904481
137.41838,35.904161
137.417326,35.903653
137.416448,35.903021
137.411454,35.900919
137.403626,35.897757
137.398082,35.895816
137.390577,35.894175
137.387767,35.893968
137.385153,35.893714
137.380815,35.892423
137.37413,35.886732
137.373699,35.886231
137.369845,35.881567
137.367164,35.876799
137.367603,35.869166
137.367384,35.860282
137.367012,35.858949
137.365457,35.8536
137.361126,35.846208
137.360352,35.845509
137.35936,35.844622
137.358493,35.843971
137.356776,35.842733
137.355803,35.8424
137.354488,35.842247
137.348323,35.842431
137.344269,35.843321
137.34134,35.843986
137.340666,35.844104
137.339117,35.844224
137.335914,35.844122
137.333248,35.841895
137.33263,35.841308
137.332143,35.840681
137.331833,35.83986
137.330459,35.833533
137.328164,35.826512
137.328191,35.824308
137.328455,35.821643
137.326982,35.819439
137.325316,35.817116
137.325027,35.816547
137.326028,35.812129
137.328244,35.810598
137.332306,35.806682
137.334737,35.80135
137.335816,35.799254
137.336497,35.798715
137.337873,35.798122
137.339229,35.797887
137.340068,35.797896
137.342827,35.798584
137.344939,35.799156
137.350349,35.801202
137.350932,35.80148
137.352542,35.801534
137.354058,35.801128
137.354847,35.800556
137.355916,35.799654
137.356609,35.799036
137.35772,35.798055
137.359755,35.796004
137.360392,35.796068
137.360965,35.796393
137.361744,35.797044
137.362462,35.797859
137.364056,35.798376
137.36692,35.799073
137.370562,35.799546
137.374627,35.800227
137.376636,35.800489
137.377637,35.800607
137.381041,35.801289
137.391487,35.798666
137.392836,35.798139
137.393554,35.797787
137.394183,35.797293
137.39625,35.790551
137.396138,35.786329
137.394487,35.783036
137.391676,35.780973
137.391106,35.780554
137.392229,35.778583
137.393078,35.777842
137.396071,35.776341
137.399812,35.775404
137.402323,35.775482
137.40355,35.775994
137.404641,35.776272
137.40809,35.776994
137.410793,35.777282
137.416685,35.776146
137.417339,35.775571
137.42069,35.773751
137.427495,35.771266
137.428448,35.771142
137.429474,35.771309
137.430417,35.771432
137.434338,35.770831
137.433859,35.768416
137.437855,35.760745
137.440342,35.758553
137.445957,35.758377
137.44671,35.758432
137.447579,35.758638
137.450006,35.759436
137.453356,35.762204
137.459633,35.761379
137.464759,35.755971
137.465569,35.743692
137.466552,35.741315
137.470904,35.736273
137.472979,35.733913
137.473803,35.733208
137.474634,35.732529
137.476466,35.731449
137.478297,35.728834
137.478432,35.728106
137.479001,35.726637
137.479801,35.726429
137.485085,35.72485
137.486462,35.721568
137.486995,35.719024
137.489689,35.716897
137.487597,35.716348
137.487258,35.714813
137.48703,35.712162
137.486197,35.711078
137.485876,35.710287
137.485556,35.708062
137.485864,35.705842
137.487212,35.705208
137.490848,35.704164
137.49179,35.702314
137.491825,35.701511
137.491818,35.700578
137.493184,35.699478
137.493855,35.699152
137.494949,35.698744
137.495578,35.698572
137.496349,35.698507
137.497517,35.69826
137.498254,35.696527
137.49845,35.695817
137.498053,35.692373
137.497693,35.69064
137.499226,35.687282
137.505654,35.6829
137.507361,35.68197
137.509464,35.682306
137.512078,35.678977
137.518308,35.677342
137.525914,35.671137
137.528805,35.669856
137.532968,35.667101
137.534923,35.664218
137.535956,35.661152
137.536619,35.660329
137.539637,35.657261
137.541987,35.654831
137.545299,35.651266
137.545441,35.65045
137.544843,35.649173
137.542176,35.648199
137.539712,35.64669
137.539298,35.645037
137.539501,35.64372
137.540306,35.64299
137.540969,35.642197
137.540221,35.640705
137.538362,35.638491
137.536277,35.637825
137.534989,35.637958
137.533293,35.637962
137.532433,35.637853
137.528299,35.636044
137.527625,35.635523
137.526524,35.633988
137.526246,35.63199
137.524756,35.627438
137.52281,35.622926
137.519708,35.619674
137.518134,35.619131
137.516766,35.618134
137.514357,35.610476
137.513829,35.608208
137.514222,35.607632
137.514804,35.607192
137.515661,35.606765
137.516597,35.606199
137.519393,35.602902
137.520745,35.599906
137.528287,35.595284
137.53242,35.591155
137.533836,35.587769
137.537622,35.584901
137.538303,35.584797
137.540595,35.585232
137.541519,35.585514
137.543245,35.586177
137.544574,35.586754
137.545551,35.587062
137.546424,35.587271
137.55061,35.587704
137.551299,35.587536
137.551992,35.587326
137.552971,35.586752
137.553725,35.5864
137.556809,35.585771
137.558621,35.585584
137.56324,35.585332
137.568266,35.585663
137.571303,35.584052
137.570432,35.579897
137.569292,35.574918
137.56873,35.573467
137.567166,35.571066
137.56648,35.570709
137.564165,35.568772
137.564753,35.566111
137.568851,35.563621
137.569508,35.56372
137.570986,35.562773
137.572003,35.561349
137.572347,35.56043
137.572378,35.557817
137.571493,35.557091
137.570709,35.553735
137.573873,35.544858
137.583012,35.539011
137.590455,35.535201
137.594278,35.534296
137.596782,35.534436
137.59998,35.532632
137.602321,35.530775
137.602927,35.530974
137.603591,35.531626
137.604784,35.532539
137.606647,35.53335
137.607372,35.533512
137.607958,35.53319
137.617481,35.526314
137.618663,35.523517
137.619329,35.52238
137.626092,35.5132
137.629186,35.511318
137.63057,35.510593
137.631347,35.510091
137.634508,35.510071
137.631599,35.509056
137.629638,35.507573
137.628903,35.5069
137.627856,35.502277
137.626882,35.501225
137.625741,35.501095
137.624674,35.500695
137.624449,35.499282
137.624831,35.495042
137.625465,35.488566
137.626352,35.486639
137.627114,35.485182
137.627945,35.484285
137.629404,35.483797
137.632411,35.474334
137.631804,35.4702
137.630421,35.468932
137.627841,35.467623
137.624753,35.467697
137.620644,35.468272
137.618022,35.467613
137.617785,35.466626
137.617442,35.46567
137.617019,35.464806
137.615312,35.463368
137.606826,35.457029
137.599016,35.451726
137.597888,35.451306
137.594744,35.448863
137.593034,35.447104
137.595537,35.444553
137.601518,35.439284
137.602213,35.43936
137.603236,35.439434
137.60392,35.439362
137.606205,35.438753
137.608317,35.437864
137.615467,35.430658
137.617698,35.426708
137.617245,35.426159
137.616905,35.421649
137.619962,35.415018
137.621306,35.412908
137.622898,35.411829
137.625012,35.410918
137.625751,35.410777
137.628572,35.410874
137.629252,35.410986
137.632188,35.408494
137.634892,35.402723
137.635015,35.401857
137.634883,35.401058
137.634292,35.399751
137.633857,35.399185
137.633227,35.398805
137.632254,35.398293
137.631382,35.397691
137.630764,35.397494
137.629767,35.397483
137.628506,35.397158
137.626722,35.39637
137.624513,35.3952
137.619582,35.39322
137.618903,35.392391
137.618347,35.39179
137.61358,35.391946
137.611172,35.392786
137.607689,35.393504
137.606066,35.393796
137.603908,35.393654
137.602309,35.393604
137.600279,35.393553
137.597724,35.394175
137.594957,35.395365
137.593852,35.394413
137.593372,35.39395
137.592808,35.393587
137.590507,35.393645
137.583692,35.396897
137.582128,35.397975
137.579213,35.399308
137.576695,35.400404
137.575324,35.400139
137.575622,35.397357
137.5759,35.396168
137.576027,35.394949
137.576098,35.394298
137.576272,35.393195
137.577251,35.390545
137.578124,35.390139
137.579346,35.390437
137.580504,35.390869
137.581607,35.390847
137.584465,35.389715
137.586519,35.388529
137.590905,35.38464
137.595131,35.381512
137.598544,35.37893
137.598733,35.375721
137.598183,35.375226
137.597847,35.370084
137.597906,35.366102
137.599279,35.364143
137.601268,35.361574
137.601956,35.360637
137.602294,35.35869
137.601512,35.35767
137.601086,35.357063
137.599834,35.35219
137.600049,35.346816
137.601926,35.340415
137.603588,35.337899
137.604015,35.336935
137.603824,35.33297
137.603358,35.332217
137.601196,35.330839
137.596569,35.330682
137.594962,35.331364
137.590729,35.330628
137.590923,35.329365
137.587989,35.325621
137.58554,35.322974
137.583104,35.320849
137.579098,35.318951
137.578042,35.31867
137.577336,35.318407
137.57649,35.318033
137.575573,35.31757
137.575091,35.316913
137.57199,35.318335
137.571171,35.318169
137.565017,35.313606
137.560115,35.309599
137.558779,35.305512
137.559306,35.302848
137.55927,35.301803
137.558457,35.298109
137.557902,35.296795
137.561339,35.290532
137.561979,35.289206
137.561904,35.287837
137.561574,35.286271
137.561914,35.283582
137.558229,35.283948
137.55154,35.284239
137.55087,35.284015
137.549655,35.283201
137.548858,35.282393
137.548118,35.281681
137.544852,35.281138
137.533683,35.281451
137.531041,35.282356
137.530394,35.282729
137.529829,35.283697
137.529147,35.284204
137.527591,35.284354
137.524921,35.284368
137.521521,35.284306
137.518828,35.283125
137.518727,35.281764
137.519102,35.280934
137.51955,35.280091
137.51989,35.279355
137.520144,35.278561
137.520838,35.27527
137.520397,35.273562
137.519723,35.273989
137.518203,35.274774
137.517518,35.274911
137.516069,35.274915
137.513077,35.272027
137.513208,35.270923
137.510817,35.268182
137.505839,35.264333
137.500872,35.263601
137.491668,35.259378
137.48399,35.257217
137.483483,35.256373
137.48343,35.255508
137.482721,35.254927
137.481865,35.254529
137.479406,35.253948
137.477736,35.253658
137.476397,35.253301
137.473145,35.249819
137.47257,35.249053
137.472258,35.248162
137.471601,35.24714
137.470642,35.246276
137.469937,35.245757
137.469319,35.245431
137.468527,35.245413
137.467352,35.246017
137.466366,35.246661
137.465764,35.246381
137.463364,35.244191
137.463034,35.243212
137.462791,35.242215
137.46203,35.241009
137.461505,35.240614
137.460736,35.240183
137.459885,35.239943
137.458125,35.239599
137.457018,35.239615
137.456064,35.239945
137.454709,35.240529
137.453608,35.240516
137.452336,35.238952
137.451955,35.238272
137.451653,35.237413
137.451284,35.236473
137.450894,35.235646
137.450111,35.234947
137.446169,35.233835
137.445545,35.233695
137.4446,35.233729
137.443557,35.233813
137.442571,35.233765
137.441852,35.233595
137.439255,35.230063
137.437179,35.226943
137.436859,35.226165
137.435884,35.22493
137.435363,35.224455
137.434713,35.224139
137.433564,35.223796
137.430313,35.222961
137.429446,35.222876
137.428475,35.223142
137.424915,35.226881
137.424286,35.227857
137.420351,35.234222
137.419828,35.235981
137.419486,35.237031
137.419094,35.237905
137.418685,35.238599
137.418308,35.23912
137.41774,35.239786
137.417229,35.240226
137.416457,35.24038
137.415831,35.240107
137.415162,35.239325
137.414725,35.238828
137.414151,35.238292
137.411388,35.236498
137.408727,35.234856
137.407916,35.234928
137.403981,35.238322
137.400669,35.241713
137.399747,35.241623
137.397969,35.240973
137.397138,35.240589
137.39448,35.239856
137.388714,35.240041
137.388043,35.240196
137.387254,35.240702
137.386557,35.24128
137.382935,35.247427
137.384204,35.248243
137.385223,35.248726
137.385694,35.249439
137.385982,35.250062
137.386805,35.25193
137.385025,35.25884
137.383096,35.260171
137.380912,35.259746
137.380222,35.259218
137.378936,35.258716
137.377647,35.258879
137.375738,35.259787
137.374886,35.26085
137.370767,35.262771
137.365617,35.260871
137.350241,35.257146
137.344061,35.257974
137.340003,35.264672
137.340434,35.26555
137.341769,35.267022
137.342683,35.267703
137.343832,35.268377
137.345251,35.269085
137.346382,35.270883
137.3448,35.273558
137.342122,35.274837
137.341051,35.275191
137.337712,35.275872
137.332759,35.277436
137.329177,35.279878
137.321143,35.284326
137.316995,35.285823
137.314261,35.286652
137.310335,35.288192
137.308677,35.289119
137.308081,35.289663
137.307873,35.290388
137.308041,35.291271
137.306868,35.291001
137.305419,35.290698
137.30355,35.290578
137.302412,35.290328
137.297572,35.288801
137.289393,35.288153
137.282671,35.287662
137.27816,35.288054
137.27686,35.288748
137.276327,35.290949
137.274722,35.289261
137.268165,35.286972
137.267433,35.286761
137.262664,35.285202
137.26055,35.282611
137.260155,35.282014
137.259941,35.281284
137.259649,35.278552
137.259322,35.274417
137.255772,35.272741
137.252698,35.271127
137.248922,35.268383
137.241793,35.264367
137.239441,35.264508
137.238504,35.264791
137.237676,35.265232
137.237023,35.26525
137.235667,35.264786
137.229878,35.260929
137.228909,35.260107
137.228462,35.25949
137.227956,35.258865
137.224574,35.256492
137.223997,35.256201
137.223344,35.255954
137.222646,35.255874
137.221778,35.255871
137.221219,35.256704
137.2211,35.257685
137.221165,35.25841
137.219869,35.259223
137.21768,35.259665
137.212256,35.259947
137.21133,35.259717
137.209228,35.258083
137.208775,35.257406
137.208922,35.256659
137.208401,35.254469
137.207845,35.253625
137.207139,35.253127
137.200022,35.251464
137.198985,35.252096
137.198126,35.252837
137.196945,35.25336
137.190609,35.253858
137.188839,35.252753
137.186501,35.25307
137.185224,35.25369
137.184308,35.254206
137.179603,35.257847
137.177622,35.259283
137.176418,35.260325
137.174212,35.264682
137.174082,35.265645
137.176904,35.270452
137.175913,35.270454
137.175236,35.270797
137.174027,35.271618
137.168331,35.278546
137.164933,35.283132
137.158665,35.282102
137.156448,35.281284
137.155882,35.280984
137.150709,35.280418
137.148258,35.280692
137.143166,35.281898
137.142203,35.283352
137.140291,35.285693
137.137036,35.288619
137.131496,35.293522
137.12812,35.294193
137.122525,35.295782
137.121663,35.296075
137.120175,35.296663
137.113576,35.299087
137.103472,35.301249
137.101118,35.299769
137.097834,35.297198
137.097656,35.296358
137.098033,35.29526
137.098439,35.294356
137.098802,35.293629
137.098931,35.292878
137.098471,35.291902
137.096169,35.290693
137.092773,35.292181
137.09016,35.292422
137.088166,35.292399
137.086213,35.292344
137.083757,35.292214
137.081912,35.292112
137.081194,35.292338
137.080418,35.296756
137.081291,35.298519
137.081517,35.299768
137.081711,35.305257
137.0799,35.3067
137.077536,35.306957
137.076549,35.306422
137.075074,35.306322
137.073406,35.306821
137.066698,35.309045
137.066847,35.310787
137.065605,35.314261
137.065269,35.315153
137.064803,35.31615
137.064324,35.316943
137.063515,35.318391
137.064078,35.320663
137.06977,35.32489
137.071645,35.325487
137.072847,35.32618
137.072629,35.327601
137.071594,35.330046
137.066186,35.336207
137.06339,35.33824
137.062478,35.33872
137.061319,35.339089
137.058212,35.338668
137.057404,35.338473
137.052801,35.336643
137.050108,35.334584
137.047262,35.337103
137.046284,35.3395
137.044847,35.338928
137.046166,35.340447
137.046234,35.341584
137.046354,35.343049
137.046568,35.346944
137.046845,35.348462
137.048495,35.354527
137.049835,35.359471
137.049558,35.360562
137.049191,35.361283
137.048492,35.362881
137.048171,35.363467
137.047546,35.364804
137.046948,35.365738
137.040668,35.366899
137.033939,35.368069
137.029759,35.37091
137.029391,35.371563
137.022553,35.375111
137.020112,35.375686
137.016276,35.377521
137.016034,35.378338
137.015771,35.379597
137.014989,35.381506
137.013989,35.381786
137.007522,35.381466
137.004174,35.381084
137.003219,35.381099
137.002179,35.381427
136.999527,35.385269
136.999131,35.385998
136.999085,35.388363
136.99917,35.389156
136.999212,35.390175
136.998356,35.391418
136.995305,35.393135
136.99388,35.393571
136.993314,35.393205
136.992633,35.39282
136.991549,35.393191
136.989403,35.396357
136.98989,35.397467
136.989956,35.398607
136.988963,35.401165
136.987131,35.402017
136.984978,35.401912
136.984077,35.401485
136.982579,35.401444
136.981372,35.401636
136.978229,35.403282
136.978223,35.405461
136.978457,35.406197
136.980579,35.408579
136.981162,35.409158
136.98177,35.409598
136.982566,35.409924
136.983502,35.410684
136.984594,35.41189
136.987055,35.41561
136.986014,35.416779
136.985351,35.41731
136.986031,35.419237
136.986451,35.420008
136.990271,35.422498
136.991589,35.423298
136.993168,35.424217
136.992154,35.424449
136.991333,35.424624
136.990489,35.424697
136.989405,35.424789
136.988479,35.424776
136.986424,35.424605
136.985724,35.42452
136.983126,35.423866
136.980732,35.423298
136.975349,35.422021
136.971084,35.422146
136.970028,35.422129
136.968656,35.422051
136.967422,35.421833
136.965923,35.421523
136.964989,35.421233
136.96415,35.420774
136.963284,35.420018
136.962697,35.419223
136.961825,35.417569
136.961622,35.416925
136.961452,35.415891
136.961128,35.414475
136.961398,35.413326
136.962043,35.411365
136.962624,35.409577
136.963018,35.408032
136.963092,35.406553
136.962804,35.403249
136.962599,35.40187
136.962318,35.400916
136.961713,35.399772
136.960982,35.399052
136.959266,35.397793
136.958635,35.397411
136.957369,35.396754
136.956704,35.396454
136.954824,35.395888
136.953687,35.395617
136.95273,35.395454
136.951819,35.395268
136.950349,35.394928
136.949405,35.394589
136.948009,35.394029
136.941195,35.391131
136.93732,35.389412
136.935973,35.388742
136.935023,35.388167
136.934139,35.387432
136.933198,35.386659
136.931913,35.385576
136.929041,35.383204
136.927805,35.382272
136.927276,35.381866
136.926177,35.381028
136.923171,35.375926
136.922455,35.377421
136.921986,35.378238
136.9214,35.379018
136.918946,35.378532
136.917131,35.378192
136.915711,35.378006
136.914299,35.377826
136.913584,35.377766
136.912303,35.377699
136.908527,35.377566
136.907287,35.377579
136.904258,35.377679
136.899684,35.377879
136.898083,35.377979
136.894897,35.378139
136.89351,35.378139
136.892717,35.378099
136.890488,35.378026
136.889602,35.377993
136.888543,35.377913
136.886835,35.377687
136.886178,35.377527
136.885069,35.377121
136.881876,35.375921
136.880283,35.375256
136.87805,35.374471
136.87606,35.373882
136.873961,35.373403
136.871779,35.372999
136.871128,35.372917
136.867805,35.372639
136.864932,35.372606
136.863763,35.371246
136.861915,35.369104
136.861262,35.368377
136.860449,35.367868
136.859816,35.367562
136.855034,35.365338
136.848369,35.362471
136.842574,35.359952
136.837051,35.3574
136.833986,35.355852
136.831742,35.356436
136.830937,35.356632
136.829894,35.356876
136.820385,35.358744
136.817354,35.359281
136.816189,35.359403
136.81329,35.3596
136.812208,35.35964
136.810379,35.359691
136.808359,35.359747
136.807296,35.359848
136.804232,35.360142
136.803093,35.360323
136.802096,35.360521
136.80088,35.360895
136.792946,35.363582
136.793401,35.364544
136.793762,35.365364
136.794137,35.366398
136.79445,35.368076
136.791505,35.36853
136.787676,35.368782
136.782752,35.369107
136.7774,35.36955
136.775463,35.36958
136.774641,35.369604
136.774851,35.372977
136.769511,35.367976
136.768755,35.367401
136.768115,35.366902
136.761874,35.361116
136.760454,35.359356
136.7596,35.358086
136.759112,35.357195
136.758057,35.354712
136.757537,35.353422
136.756389,35.350571
136.754887,35.346984
136.753946,35.344893
136.752805,35.342359
136.752191,35.341017
136.7501,35.336539
136.749137,35.334836
136.748568,35.333854
136.747054,35.331439
136.746359,35.330519
136.74562,35.329548
136.744732,35.328337
136.742254,35.324946
136.739134,35.320134
136.738259,35.318744
136.736426,35.315783
136.735695,35.314482
136.734708,35.312711
136.734383,35.312044
136.733661,35.31042
136.732909,35.308769
136.732273,35.307451
136.730517,35.303907
136.728778,35.300566
136.728298,35.299686
136.725628,35.295483
136.724266,35.293784
136.723181,35.292493
136.722202,35.291373
136.721566,35.290682
136.720752,35.289902
136.719384,35.288752
136.718151,35.287881
136.716203,35.286551
136.714452,35.28536
136.712603,35.28411
136.710938,35.283049
136.710383,35.282699
136.70936,35.281659
136.707893,35.280088
136.707005,35.279068
136.706603,35.278551
136.706204,35.278037
136.704684,35.275476
136.704058,35.274666
136.702209,35.271135
136.701716,35.270145
136.700088,35.266564
136.699189,35.264342
136.698104,35.261922
136.697364,35.260521
136.696809,35.259701
136.696119,35.258774
136.69438,35.25683
136.692013,35.254399
136.690644,35.253215
136.689043,35.252287
136.686588,35.250833
136.68419,35.249043
136.682814,35.247897
136.680551,35.245951
136.679773,35.245204
136.67885,35.243774
136.678434,35.242972
136.678117,35.242213
136.6779,35.241282
136.677818,35.240571
136.677773,35.239478
136.677846,35.238534
136.678371,35.234795
136.678733,35.232276
136.678914,35.231489
136.679457,35.229475
136.679875,35.228206
136.680844,35.228357
136.683108,35.228726
136.68041,35.226291
136.680588,35.225521
136.680959,35.223783
136.68143,35.220534
136.681579,35.219144
136.681765,35.214611
136.681901,35.210694
136.681756,35.209104
136.681865,35.207291
136.682123,35.205295
136.682672,35.204213
136.683151,35.203341
136.68336,35.202483
136.683001,35.199565
136.682336,35.198447
136.680471,35.196447
136.678792,35.19495
136.677422,35.193914
136.675829,35.192769
136.673647,35.19088
136.672851,35.190004
136.672385,35.189012
136.671558,35.18284
136.671359,35.180394
136.671033,35.174494
136.671101,35.17355
136.671428,35.172115
136.672031,35.16989
136.672868,35.165636
136.673902,35.16018
136.674259,35.158025
136.674558,35.155475
136.674617,35.154737
136.6745,35.153274
136.674301,35.152395
136.673468,35.150111
136.672388,35.147212
136.672075,35.146331
136.671778,35.145491
136.671273,35.143379
136.671054,35.142082
136.671043,35.141007
136.671226,35.139838
136.671801,35.137476
136.672203,35.1361
136.672778,35.134777
136.670297,35.133951
136.66963,35.133729
136.669073,35.13469
136.668676,35.135902
136.668446,35.136835
136.668205,35.138098
136.667999,35.139179
136.667776,35.140707
136.667078,35.142204
136.666021,35.143561
136.665005,35.144807
136.664339,35.145594
136.663515,35.146565
136.662551,35.147649
136.661494,35.149205
136.660884,35.150239
136.659713,35.152454
136.658538,35.154782
136.657963,35.155923
136.657251,35.157531
136.656631,35.158936
136.656055,35.160194
136.655502,35.161222
136.652242,35.163118
136.651492,35.163489
136.649701,35.164337
136.646333,35.165811
136.644956,35.163453
136.644681,35.162773
136.644624,35.162027
136.644979,35.161194
136.645344,35.160379
136.645584,35.159564
136.646195,35.156398
136.646019,35.14766
136.645218,35.144572
136.64435,35.144557
136.643287,35.145409
136.642603,35.145962
136.641826,35.146561
136.639797,35.147637
136.634205,35.149797
136.632273,35.150082
136.630339,35.1502
136.629687,35.149915
136.629012,35.149324
136.628504,35.14875
136.627553,35.147964
136.626793,35.147542
136.623871,35.146345
136.617287,35.149817
136.615228,35.151049
136.613558,35.152878
136.612069,35.15743
136.612167,35.158233
136.609448,35.162214
136.607601,35.16463
136.605978,35.166632
136.605702,35.169694
136.606063,35.170538
136.606072,35.172195
136.604165,35.175629
136.602863,35.177389
136.602187,35.178112
136.601401,35.178481
136.59433,35.180916
136.593634,35.181659
136.593181,35.18247
136.592227,35.184307
136.591699,35.185511
136.588289,35.187132
136.58457,35.18875
136.583826,35.19088
136.584634,35.192165
136.585118,35.194508
136.583092,35.196657
136.581848,35.197116
136.580629,35.196936
136.57964,35.196616
136.577476,35.196754
136.576076,35.199194
136.575691,35.200086
136.573939,35.201858
136.568135,35.20428
136.565932,35.205051
136.564993,35.205279
136.56358,35.205332
136.562061,35.205684
136.559898,35.206839
136.560344,35.207824
136.559954,35.211471
136.559535,35.214595
136.556796,35.220622
136.554138,35.220476
136.552026,35.220006
136.551445,35.219527
136.550771,35.219364
136.549557,35.219242
136.548423,35.220134
136.547695,35.220816
136.54728,35.22173
136.546958,35.222483
136.546999,35.223261
136.548119,35.228814
136.548731,35.230737
136.549459,35.231195
136.550291,35.231952
136.550428,35.232997
136.549497,35.234251
136.548431,35.234775
136.547088,35.235269
136.545122,35.235255
136.544439,35.235123
136.542889,35.235659
136.540934,35.237316
136.53975,35.240898
136.540693,35.242365
136.541617,35.243987
136.54131,35.245803
136.540781,35.246236
136.539405,35.246864
136.538771,35.249814
136.537919,35.249687
136.537235,35.249675
136.536337,35.250201
136.535327,35.251701
136.533984,35.256008
136.534101,35.256988
136.532741,35.257316
136.529932,35.257492
136.528159,35.257562
136.527309,35.257953
136.52666,35.257037
136.523885,35.255366
136.523184,35.255042
136.520448,35.25401
136.519359,35.25426
136.51839,35.254473
136.517248,35.254511
136.516558,35.254251
136.516011,35.253894
136.514957,35.252596
136.513559,35.250269
136.512062,35.245889
136.511574,35.242292
136.510728,35.238536
136.510193,35.238015
136.507479,35.23587
136.505846,35.235023
136.502587,35.234766
136.50096,35.235062
136.500254,35.235314
136.497726,35.236765
136.49039,35.236922
136.486619,35.238289
136.482932,35.238545
136.483211,35.237401
136.482403,35.236359
136.481109,35.234976
136.479713,35.234268
136.479207,35.234866
136.478704,35.235588
136.477909,35.236009
136.477023,35.236404
136.473811,35.237424
136.473001,35.237416
136.472408,35.236704
136.47027,35.233933
136.466928,35.236825
136.466421,35.237836
136.456353,35.231339
136.453759,35.22956
136.452622,35.228688
136.451917,35.227566
136.450494,35.224073
136.449986,35.223271
136.442894,35.217434
136.442325,35.217119
136.440775,35.216738
136.438022,35.218206
136.43546,35.219722
136.434539,35.220448
136.432772,35.223958
136.432507,35.226321
136.432724,35.227209
136.433263,35.228092
136.432061,35.229075
136.430797,35.229379
136.429604,35.228867
136.427832,35.227651
136.42707,35.227067
136.425738,35.225957
136.420536,35.222162
136.417652,35.220478
136.416923,35.219407
136.414946,35.217899
136.412103,35.218737
136.411757,35.219898
136.410765,35.221529
136.408964,35.223117
136.408194,35.22365
136.406674,35.223809
136.404796,35.224056
136.401689,35.225057
136.400301,35.225901
136.393787,35.231144
136.390787,35.234395
136.385333,35.236994
136.379039,35.241379
136.378263,35.242649
136.377844,35.243584
136.379176,35.247454
136.380885,35.248539
136.381527,35.24823
136.385301,35.248396
136.388935,35.249677
136.391371,35.251312
136.393549,35.253337
136.396714,35.257271
136.396851,35.257917
136.39629,35.258269
136.395515,35.258568
136.39473,35.258904
136.393541,35.261913
136.394463,35.271039
136.394795,35.272389
136.395124,35.273129
136.395642,35.273847
136.395827,35.274638
136.395911,35.280457
136.394739,35.283445
136.393163,35.286098
136.392134,35.286835
136.391471,35.287193
136.390953,35.287852
136.394507,35.293055
136.396528,35.295266
136.398948,35.29797
136.399373,35.298485
136.401111,35.300182
136.40284,35.300357
136.402886,35.302045
136.404581,35.303799
136.405913,35.305686
136.40697,35.306844
136.407394,35.307504
136.412124,35.31525
136.412311,35.31628
136.412319,35.32269
136.411209,35.327779
136.411427,35.329014
136.412762,35.331975
136.413586,35.332335
136.41866,35.342388
136.420919,35.346565
136.421642,35.347226
136.422325,35.34839
136.421641,35.353711
136.416844,35.354536
136.413479,35.352437
136.412538,35.352143
136.411459,35.352161
136.410667,35.352486
136.409824,35.355211
136.409677,35.356756
136.410088,35.357722
136.410829,35.358365
136.411877,35.35847
136.413167,35.359303
136.413528,35.360199
136.41333,35.364702
136.412046,35.369199
136.411945,35.36996
136.415253,35.373384
136.416102,35.373577
136.417904,35.373366
136.421888,35.373234
136.426472,35.373435
136.428124,35.374219
136.436688,35.378977
136.44143,35.384237
136.442297,35.385599
136.44382,35.388341
136.44315,35.389788
136.441546,35.390717
136.441137,35.391279
136.440966,35.392432
136.438995,35.394312
136.436699,35.396136
136.433459,35.397824
136.428117,35.4007
136.425746,35.402847
136.424683,35.404122
136.424325,35.405017
136.422956,35.408062
136.420191,35.41301
136.419099,35.413984
136.418094,35.414822
136.417448,35.415211
136.415651,35.416218
136.411808,35.418598
136.411647,35.421806
136.411957,35.422519
136.414009,35.424298
136.415395,35.425192
136.416466,35.425608
136.418248,35.426587
136.418765,35.427489
136.418465,35.428505
136.417684,35.429207
136.416486,35.430104
136.415527,35.431771
136.415522,35.432593
136.415725,35.433319
136.416199,35.433793
136.417919,35.434709
136.419321,35.435352
136.420149,35.436017
136.421211,35.437315
136.423037,35.439983
136.422327,35.440773
136.422118,35.441559
136.422265,35.442678
136.423602,35.445305
136.424892,35.44681
136.425387,35.447288
136.426081,35.448079
136.426222,35.448946
136.42448,35.453466
136.423912,35.453959
136.423188,35.454243
136.422295,35.454657
136.421602,35.455378
136.420762,35.458792
136.420764,35.459659
136.420993,35.461299
136.42117,35.462071
136.4211,35.46372
136.420949,35.464571
136.420794,35.465222
136.42045,35.466098
136.419042,35.4674
136.410004,35.468589
136.404695,35.468982
136.401679,35.470012
136.401509,35.470977
136.399818,35.476145
136.397877,35.48105
136.397103,35.481394
136.396022,35.481747
136.387417,35.487807
136.386973,35.488287
136.386684,35.489024
136.386919,35.492571
136.388814,35.497368
136.391976,35.50331
136.392329,35.503962
136.394094,35.506324
136.397219,35.509662
136.400595,35.511908
136.402599,35.512247
136.403819,35.511431
136.405659,35.513422
136.405253,35.514937
136.404472,35.516553
136.402396,35.519044
136.401106,35.519739
136.39918,35.521563
136.399779,35.522573
136.400332,35.523076
136.401048,35.52385
136.401677,35.525483
136.400403,35.530082
136.399282,35.53133
136.397412,35.531851
136.395507,35.531244
136.384479,35.532979
136.380995,35.53766
136.38004,35.541114
136.379981,35.543079
136.378649,35.547943
136.37546,35.553624
136.374046,35.558548
136.373426,35.559506
136.372632,35.559746
136.371967,35.559723
136.370166,35.558829
136.366057,35.55975
136.364771,35.559493
136.362605,35.558632
136.362427,35.557143
136.362728,35.555994
136.362274,35.554305
136.35856,35.544323
136.35644,35.539692
136.355161,35.538702
136.349293,35.537374
136.346349,35.53715
136.346016,35.535929
136.344987,35.536948
136.342006,35.537274
136.341034,35.537281
136.339805,35.539693
136.339547,35.540558
136.339759,35.541199
136.34048,35.541713
136.341276,35.542353
136.338725,35.548726
136.338002,35.549619
136.337249,35.550241
136.329772,35.550836
136.326686,35.54984
136.325715,35.549
136.325556,35.54836
136.325877,35.547633
136.325623,35.54608
136.324647,35.545268
136.322819,35.544633
136.321237,35.544864
136.317618,35.54733
136.316807,35.548756
136.316565,35.54949
136.316682,35.557805
136.319007,35.565683
136.319803,35.566617
136.321673,35.568555
136.322566,35.569411
136.323208,35.574951
136.322159,35.581509
136.322241,35.587903
136.321664,35.598318
136.320017,35.601951
136.31906,35.603804
136.318055,35.604614
136.316272,35.605396
136.316842,35.607308
136.318285,35.60852
136.320658,35.611327
136.322924,35.614682
136.323337,35.615492
136.323684,35.616372
136.321633,35.618754
136.31876,35.621265
136.31572,35.622977
136.310186,35.623313
136.309511,35.623177
136.306713,35.622355
136.305873,35.621847
136.30527,35.621225
136.305322,35.62019
136.298281,35.617477
136.294345,35.617974
136.293703,35.618186
136.28848,35.620812
136.28808,35.621776
136.287154,35.624494
136.287114,35.625295
136.287316,35.627124
136.28737,35.628036
136.282987,35.633938
136.280387,35.635787
136.28076,35.640118
136.281576,35.640228
136.282724,35.641524
136.2831,35.643684
136.2825,35.645417
136.281131,35.647859
136.279624,35.648778
136.277803,35.650247
136.276704,35.651316
136.276287,35.652252
136.276225,35.653081
136.276332,35.653754
136.276628,35.6547
136.276991,35.655342
136.279806,35.658284
136.280371,35.658976
136.28043,35.660174
136.280892,35.659405
136.282728,35.661001
136.284042,35.662499
136.287827,35.664935
136.28982,35.667676
136.289472,35.668231
136.288932,35.669312
136.288568,35.6708
136.28899,35.67156
136.289786,35.67212
136.29253,35.673811
136.294662,35.67509
136.295838,35.67566
136.294365,35.681044
136.292094,35.685064
136.291231,35.688131
136.291867,35.690563
136.292469,35.690998
136.293378,35.691247
136.294,35.691048
136.295187,35.690972
136.297707,35.691809
136.299359,35.693596
136.299944,35.694438
136.301572,35.697407
136.304702,35.701446
136.30538,35.701354
136.306428,35.701105
136.309381,35.703442
136.310014,35.704294
136.310804,35.705566
136.310823,35.706232
136.310444,35.706797
136.310349,35.707897
136.310499,35.708632
136.310493,35.709398
136.310448,35.710426
136.311751,35.711956
136.313015,35.712831
136.316378,35.713479
136.319692,35.714515
136.322692,35.715632
136.323954,35.716792
136.323512,35.718032
136.322904,35.71845
136.321956,35.719143
136.321325,35.719936
136.320788,35.721309
136.320504,35.722801
136.321056,35.723396
136.322147,35.724165
136.323273,35.724695
136.324791,35.726997
136.326594,35.730994
136.326691,35.731706
136.325322,35.736469
136.324831,35.737061
136.324485,35.737773
136.324031,35.740616
136.324591,35.742046
136.325205,35.74351
136.324889,35.744762
136.321601,35.746698
136.320006,35.74737
136.319271,35.748283
136.319142,35.750239
136.319168,35.751491
136.321625,35.762547
136.321565,35.765025
136.324173,35.769706
136.325183,35.771157
136.327947,35.775102
136.332175,35.776071
136.335822,35.776268
136.339283,35.775882
136.343198,35.775776
136.346668,35.776159
136.347924,35.777662
136.348194,35.778983
136.348322,35.779896
136.351019,35.782037
136.352444,35.78304
136.354441,35.787719
136.356944,35.786849
136.358863,35.786862
136.360004,35.786993
136.370013,35.791347
136.37544,35.794143
136.379088,35.794411
136.387224,35.792714
136.389044,35.7916
136.389703,35.789153
136.389543,35.788483
136.395762,35.788139
136.400917,35.787367
136.401585,35.786172
136.403697,35.783868
136.404361,35.783277
136.407956,35.782108
136.411358,35.781475
136.4127,35.781905
136.414778,35.782665
136.415534,35.782554
136.416474,35.782371
136.41774,35.782477
136.418733,35.782369
136.423094,35.780106
136.429637,35.776248
136.430272,35.775561
136.430783,35.775036
136.433021,35.774677
136.435267,35.774388
136.443854,35.773811
136.446996,35.77436
136.450883,35.776369
136.457785,35.778742
136.458931,35.779067
136.459632,35.779007
136.461009,35.7788
136.461714,35.778642
136.462064,35.777846
136.463672,35.776146
136.464979,35.77497
136.46749,35.773258
136.468854,35.772914
136.472598,35.772696
136.474592,35.772752
136.479843,35.773775
136.482365,35.774361
136.484491,35.775117
136.491434,35.769692
136.496514,35.765533
136.497428,35.763015
136.497198,35.762059
136.497035,35.760878
136.49956,35.755593
136.500258,35.754667
136.50348,35.750802
136.505295,35.750338
136.506175,35.750389
136.507469,35.752115
136.508072,35.7533
136.50793,35.754143
136.507456,35.754818
136.507469,35.755718
136.508432,35.757296
136.510448,35.758204
136.51137,35.758395
136.512178,35.758913
136.513925,35.762251
136.513801,35.76445
136.513879,35.76675
136.513071,35.769978
136.512512,35.770853
136.512453,35.772396
136.513281,35.775264
136.514158,35.776205
136.515325,35.777152
136.516087,35.77764
136.517038,35.778169
136.518187,35.779016
136.519913,35.781605
136.522451,35.785868
136.522662,35.786716
136.522835,35.787917
136.524965,35.787999
136.52844,35.786329
136.529401,35.785836
136.53291,35.783562
136.535948,35.78151
136.537517,35.781009
136.544315,35.778938
136.545189,35.778748
136.547603,35.779367
136.548203,35.779977
136.549499,35.780755
136.550568,35.781057
136.555817,35.780978
136.563678,35.779292
136.568468,35.77789
136.573289,35.778778
136.584843,35.783655
136.58599,35.784382
136.585525,35.786172
136.585235,35.786908
136.584824,35.787797
136.585169,35.789432
136.585917,35.791321
136.589992,35.795594
136.590774,35.795397
136.5918,35.795108
136.592582,35.795032
136.595495,35.795442
136.597052,35.796734
136.599017,35.798446
136.599768,35.798497
136.60048,35.798172
136.602413,35.79651
136.603093,35.794892
136.603525,35.794325
136.610098,35.789727
136.61157,35.788799
136.621929,35.787532
136.623024,35.787768
136.626246,35.789578
136.627058,35.790073
136.627611,35.790796
136.632571,35.79576
136.633661,35.796001
136.635015,35.796342
136.636044,35.796618
136.638018,35.797398
136.639346,35.799948
136.639561,35.800682
136.639827,35.801721
136.640796,35.803488
136.642381,35.80513
136.644877,35.806764
136.645563,35.806598
136.646453,35.805999
136.647902,35.804408
136.649382,35.802646
136.65251,35.798726
136.652933,35.797823
136.653034,35.797136
136.65248,35.79577
136.652438,35.794429
136.652682,35.790912
136.653763,35.787363
136.654414,35.785845
136.657664,35.783483
136.660249,35.783448
136.661031,35.783718
136.664954,35.785208
136.666244,35.78487
